provinceName,provinceShortName,currentConfirmedCount...3,confirmedCount_sum,suspectedCount_sum,curedCount_sum,deadCount_sum,comment,locationId_s,statisticsData,cityName,currentConfirmedCount...12,confirmedCount,suspectedCount,curedCount,deadCount,locationId
湖北省,湖北,32959,66907,0,31187,2761,,420000,https://file1.dxycdn.com/2020/0223/618/3398299751673487511-135.json,武汉,27700,49122,0,19227,2195,420100
湖北省,湖北,32959,66907,0,31187,2761,,420000,https://file1.dxycdn.com/2020/0223/618/3398299751673487511-135.json,孝感,1185,3518,0,2215,118,420900
湖北省,湖北,32959,66907,0,31187,2761,,420000,https://file1.dxycdn.com/2020/0223/618/3398299751673487511-135.json,黄冈,619,2905,0,2171,115,421100
湖北省,湖北,32959,66907,0,31187,2761,,420000,https://file1.dxycdn.com/2020/0223/618/3398299751673487511-135.json,鄂州,560,1391,0,784,47,420700
湖北省,湖北,32959,66907,0,31187,2761,,420000,https://file1.dxycdn.com/2020/0223/618/3398299751673487511-135.json,荆州,499,1579,0,1034,46,421000
湖北省,湖北,32959,66907,0,31187,2761,,420000,https://file1.dxycdn.com/2020/0223/618/3398299751673487511-135.json,随州,432,1307,0,835,40,421300
湖北省,湖北,32959,66907,0,31187,2761,,420000,https://file1.dxycdn.com/2020/0223/618/3398299751673487511-135.json,宜昌,394,931,0,506,31,420500
湖北省,湖北,32959,66907,0,31187,2761,,420000,https://file1.dxycdn.com/2020/0223/618/3398299751673487511-135.json,襄阳,291,1175,0,850,34,420600
湖北省,湖北,32959,66907,0,31187,2761,,420000,https://file1.dxycdn.com/2020/0223/618/3398299751673487511-135.json,荆门,284,925,0,604,37,420800
湖北省,湖北,32959,66907,0,31187,2761,,420000,https://file1.dxycdn.com/2020/0223/618/3398299751673487511-135.json,黄石,283,1014,0,697,34,420200
湖北省,湖北,32959,66907,0,31187,2761,,420000,https://file1.dxycdn.com/2020/0223/618/3398299751673487511-135.json,十堰,224,672,0,441,7,420300
湖北省,湖北,32959,66907,0,31187,2761,,420000,https://file1.dxycdn.com/2020/0223/618/3398299751673487511-135.json,咸宁,132,836,0,692,12,421200
湖北省,湖北,32959,66907,0,31187,2761,,420000,https://file1.dxycdn.com/2020/0223/618/3398299751673487511-135.json,仙桃,118,575,0,438,19,429004
湖北省,湖北,32959,66907,0,31187,2761,,420000,https://file1.dxycdn.com/2020/0223/618/3398299751673487511-135.json,天门,112,496,0,371,13,429006
湖北省,湖北,32959,66907,0,31187,2761,,420000,https://file1.dxycdn.com/2020/0223/618/3398299751673487511-135.json,潜江,70,198,0,119,9,429005
湖北省,湖北,32959,66907,0,31187,2761,,420000,https://file1.dxycdn.com/2020/0223/618/3398299751673487511-135.json,恩施州,56,252,0,192,4,422800
湖北省,湖北,32959,66907,0,31187,2761,,420000,https://file1.dxycdn.com/2020/0223/618/3398299751673487511-135.json,神农架林区,0,11,0,11,0,429021
广东省,广东,333,1349,0,1009,7,部分治愈病例省级卫健委未明确市区归属。因此省份现存确诊≠下辖市区现存确诊之和。,440000,https://file1.dxycdn.com/2020/0223/281/3398299758115524068-135.json,深圳,115,417,0,299,3,440300
广东省,广东,333,1349,0,1009,7,部分治愈病例省级卫健委未明确市区归属。因此省份现存确诊≠下辖市区现存确诊之和。,440000,https://file1.dxycdn.com/2020/0223/281/3398299758115524068-135.json,广州,97,346,0,248,1,440100
广东省,广东,333,1349,0,1009,7,部分治愈病例省级卫健委未明确市区归属。因此省份现存确诊≠下辖市区现存确诊之和。,440000,https://file1.dxycdn.com/2020/0223/281/3398299758115524068-135.json,佛山,37,84,0,47,0,440600
广东省,广东,333,1349,0,1009,7,部分治愈病例省级卫健委未明确市区归属。因此省份现存确诊≠下辖市区现存确诊之和。,440000,https://file1.dxycdn.com/2020/0223/281/3398299758115524068-135.json,东莞,35,99,0,63,1,441900
广东省,广东,333,1349,0,1009,7,部分治愈病例省级卫健委未明确市区归属。因此省份现存确诊≠下辖市区现存确诊之和。,440000,https://file1.dxycdn.com/2020/0223/281/3398299758115524068-135.json,珠海,26,98,0,71,1,440400
广东省,广东,333,1349,0,1009,7,部分治愈病例省级卫健委未明确市区归属。因此省份现存确诊≠下辖市区现存确诊之和。,440000,https://file1.dxycdn.com/2020/0223/281/3398299758115524068-135.json,江门,10,23,0,13,0,440700
广东省,广东,333,1349,0,1009,7,部分治愈病例省级卫健委未明确市区归属。因此省份现存确诊≠下辖市区现存确诊之和。,440000,https://file1.dxycdn.com/2020/0223/281/3398299758115524068-135.json,中山,8,66,0,58,0,442000
广东省,广东,333,1349,0,1009,7,部分治愈病例省级卫健委未明确市区归属。因此省份现存确诊≠下辖市区现存确诊之和。,440000,https://file1.dxycdn.com/2020/0223/281/3398299758115524068-135.json,湛江,5,22,0,17,0,440800
广东省,广东,333,1349,0,1009,7,部分治愈病例省级卫健委未明确市区归属。因此省份现存确诊≠下辖市区现存确诊之和。,440000,https://file1.dxycdn.com/2020/0223/281/3398299758115524068-135.json,肇庆,5,19,0,13,1,441200
广东省,广东,333,1349,0,1009,7,部分治愈病例省级卫健委未明确市区归属。因此省份现存确诊≠下辖市区现存确诊之和。,440000,https://file1.dxycdn.com/2020/0223/281/3398299758115524068-135.json,茂名,5,14,0,9,0,440900
广东省,广东,333,1349,0,1009,7,部分治愈病例省级卫健委未明确市区归属。因此省份现存确诊≠下辖市区现存确诊之和。,440000,https://file1.dxycdn.com/2020/0223/281/3398299758115524068-135.json,惠州,4,62,0,58,0,441300
广东省,广东,333,1349,0,1009,7,部分治愈病例省级卫健委未明确市区归属。因此省份现存确诊≠下辖市区现存确诊之和。,440000,https://file1.dxycdn.com/2020/0223/281/3398299758115524068-135.json,梅州,4,16,0,12,0,441400
广东省,广东,333,1349,0,1009,7,部分治愈病例省级卫健委未明确市区归属。因此省份现存确诊≠下辖市区现存确诊之和。,440000,https://file1.dxycdn.com/2020/0223/281/3398299758115524068-135.json,汕头,3,25,0,22,0,440500
广东省,广东,333,1349,0,1009,7,部分治愈病例省级卫健委未明确市区归属。因此省份现存确诊≠下辖市区现存确诊之和。,440000,https://file1.dxycdn.com/2020/0223/281/3398299758115524068-135.json,阳江,3,14,0,11,0,441700
广东省,广东,333,1349,0,1009,7,部分治愈病例省级卫健委未明确市区归属。因此省份现存确诊≠下辖市区现存确诊之和。,440000,https://file1.dxycdn.com/2020/0223/281/3398299758115524068-135.json,揭阳,2,8,0,6,0,445200
广东省,广东,333,1349,0,1009,7,部分治愈病例省级卫健委未明确市区归属。因此省份现存确诊≠下辖市区现存确诊之和。,440000,https://file1.dxycdn.com/2020/0223/281/3398299758115524068-135.json,韶关,1,10,0,9,0,440200
广东省,广东,333,1349,0,1009,7,部分治愈病例省级卫健委未明确市区归属。因此省份现存确诊≠下辖市区现存确诊之和。,440000,https://file1.dxycdn.com/2020/0223/281/3398299758115524068-135.json,清远,0,12,0,12,0,441800
广东省,广东,333,1349,0,1009,7,部分治愈病例省级卫健委未明确市区归属。因此省份现存确诊≠下辖市区现存确诊之和。,440000,https://file1.dxycdn.com/2020/0223/281/3398299758115524068-135.json,汕尾,0,5,0,5,0,441500
广东省,广东,333,1349,0,1009,7,部分治愈病例省级卫健委未明确市区归属。因此省份现存确诊≠下辖市区现存确诊之和。,440000,https://file1.dxycdn.com/2020/0223/281/3398299758115524068-135.json,潮州,0,5,0,5,0,445100
广东省,广东,333,1349,0,1009,7,部分治愈病例省级卫健委未明确市区归属。因此省份现存确诊≠下辖市区现存确诊之和。,440000,https://file1.dxycdn.com/2020/0223/281/3398299758115524068-135.json,河源,0,4,0,4,0,441600
广东省,广东,333,1349,0,1009,7,部分治愈病例省级卫健委未明确市区归属。因此省份现存确诊≠下辖市区现存确诊之和。,440000,https://file1.dxycdn.com/2020/0223/281/3398299758115524068-135.json,待明确地区,-27,0,0,27,0,0
山东省,山东,319,756,0,431,6,,370000,https://file1.dxycdn.com/2020/0223/601/3398299749526003726-135.json,济宁,212,258,0,46,0,370800
山东省,山东,319,756,0,431,6,,370000,https://file1.dxycdn.com/2020/0223/601/3398299749526003726-135.json,济南,18,47,0,29,0,370100
山东省,山东,319,756,0,431,6,,370000,https://file1.dxycdn.com/2020/0223/601/3398299749526003726-135.json,德州,17,37,0,18,2,371400
山东省,山东,319,756,0,431,6,,370000,https://file1.dxycdn.com/2020/0223/601/3398299749526003726-135.json,烟台,16,47,0,31,0,370600
山东省,山东,319,756,0,431,6,,370000,https://file1.dxycdn.com/2020/0223/601/3398299749526003726-135.json,潍坊,15,44,0,29,0,370700
山东省,山东,319,756,0,431,6,,370000,https://file1.dxycdn.com/2020/0223/601/3398299749526003726-135.json,青岛,8,60,0,51,1,370200
山东省,山东,319,756,0,431,6,,370000,https://file1.dxycdn.com/2020/0223/601/3398299749526003726-135.json,淄博,8,30,0,21,1,370300
山东省,山东,319,756,0,431,6,,370000,https://file1.dxycdn.com/2020/0223/601/3398299749526003726-135.json,威海,7,38,0,31,0,371000
山东省,山东,319,756,0,431,6,,370000,https://file1.dxycdn.com/2020/0223/601/3398299749526003726-135.json,聊城,4,38,0,34,0,371500
山东省,山东,319,756,0,431,6,,370000,https://file1.dxycdn.com/2020/0223/601/3398299749526003726-135.json,临沂,3,49,0,46,0,371300
山东省,山东,319,756,0,431,6,,370000,https://file1.dxycdn.com/2020/0223/601/3398299749526003726-135.json,泰安,3,35,0,30,2,370900
山东省,山东,319,756,0,431,6,,370000,https://file1.dxycdn.com/2020/0223/601/3398299749526003726-135.json,滨州,3,15,0,12,0,371600
山东省,山东,319,756,0,431,6,,370000,https://file1.dxycdn.com/2020/0223/601/3398299749526003726-135.json,枣庄,2,24,0,22,0,370400
山东省,山东,319,756,0,431,6,,370000,https://file1.dxycdn.com/2020/0223/601/3398299749526003726-135.json,日照,2,16,0,14,0,371100
山东省,山东,319,756,0,431,6,,370000,https://file1.dxycdn.com/2020/0223/601/3398299749526003726-135.json,菏泽,1,18,0,17,0,371700
浙江省,浙江,177,1205,0,1027,1,,330000,https://file1.dxycdn.com/2020/0223/537/3398299755968455045-135.json,温州,71,504,0,432,1,330300
浙江省,浙江,177,1205,0,1027,1,,330000,https://file1.dxycdn.com/2020/0223/537/3398299755968455045-135.json,台州,39,146,0,107,0,331000
浙江省,浙江,177,1205,0,1027,1,,330000,https://file1.dxycdn.com/2020/0223/537/3398299755968455045-135.json,省十里丰监狱,31,36,0,5,0,0
浙江省,浙江,177,1205,0,1027,1,,330000,https://file1.dxycdn.com/2020/0223/537/3398299755968455045-135.json,宁波,9,157,0,148,0,330200
浙江省,浙江,177,1205,0,1027,1,,330000,https://file1.dxycdn.com/2020/0223/537/3398299755968455045-135.json,嘉兴,7,45,0,38,0,330400
浙江省,浙江,177,1205,0,1027,1,,330000,https://file1.dxycdn.com/2020/0223/537/3398299755968455045-135.json,绍兴,6,42,0,36,0,330600
浙江省,浙江,177,1205,0,1027,1,,330000,https://file1.dxycdn.com/2020/0223/537/3398299755968455045-135.json,杭州,5,169,0,164,0,330100
浙江省,浙江,177,1205,0,1027,1,,330000,https://file1.dxycdn.com/2020/0223/537/3398299755968455045-135.json,金华,4,55,0,51,0,330700
浙江省,浙江,177,1205,0,1027,1,,330000,https://file1.dxycdn.com/2020/0223/537/3398299755968455045-135.json,衢州,2,14,0,12,0,330800
浙江省,浙江,177,1205,0,1027,1,,330000,https://file1.dxycdn.com/2020/0223/537/3398299755968455045-135.json,舟山,2,10,0,8,0,330900
浙江省,浙江,177,1205,0,1027,1,,330000,https://file1.dxycdn.com/2020/0223/537/3398299755968455045-135.json,湖州,1,10,0,9,0,330500
浙江省,浙江,177,1205,0,1027,1,,330000,https://file1.dxycdn.com/2020/0223/537/3398299755968455045-135.json,丽水,0,17,0,17,0,331100
四川省,四川,172,538,0,363,3,,510000,https://file1.dxycdn.com/2020/0223/926/3398299755968455035-135.json,成都,52,143,0,88,3,510100
四川省,四川,172,538,0,363,3,,510000,https://file1.dxycdn.com/2020/0223/926/3398299755968455035-135.json,甘孜州,38,78,0,40,0,513300
四川省,四川,172,538,0,363,3,,510000,https://file1.dxycdn.com/2020/0223/926/3398299755968455035-135.json,达州,15,42,0,27,0,511700
四川省,四川,172,538,0,363,3,,510000,https://file1.dxycdn.com/2020/0223/926/3398299755968455035-135.json,南充,15,39,0,24,0,511300
四川省,四川,172,538,0,363,3,,510000,https://file1.dxycdn.com/2020/0223/926/3398299755968455035-135.json,巴中,12,24,0,12,0,511900
四川省,四川,172,538,0,363,3,,510000,https://file1.dxycdn.com/2020/0223/926/3398299755968455035-135.json,德阳,8,18,0,10,0,510600
四川省,四川,172,538,0,363,3,,510000,https://file1.dxycdn.com/2020/0223/926/3398299755968455035-135.json,绵阳,7,22,0,15,0,510700
四川省,四川,172,538,0,363,3,,510000,https://file1.dxycdn.com/2020/0223/926/3398299755968455035-135.json,广安,6,30,0,24,0,511600
四川省,四川,172,538,0,363,3,,510000,https://file1.dxycdn.com/2020/0223/926/3398299755968455035-135.json,泸州,4,24,0,20,0,510500
四川省,四川,172,538,0,363,3,,510000,https://file1.dxycdn.com/2020/0223/926/3398299755968455035-135.json,内江,4,22,0,18,0,511000
四川省,四川,172,538,0,363,3,,510000,https://file1.dxycdn.com/2020/0223/926/3398299755968455035-135.json,凉山州,3,13,0,10,0,513400
四川省,四川,172,538,0,363,3,,510000,https://file1.dxycdn.com/2020/0223/926/3398299755968455035-135.json,遂宁,2,17,0,15,0,510900
四川省,四川,172,538,0,363,3,,510000,https://file1.dxycdn.com/2020/0223/926/3398299755968455035-135.json,宜宾,2,12,0,10,0,511500
四川省,四川,172,538,0,363,3,,510000,https://file1.dxycdn.com/2020/0223/926/3398299755968455035-135.json,资阳,2,4,0,2,0,512000
四川省,四川,172,538,0,363,3,,510000,https://file1.dxycdn.com/2020/0223/926/3398299755968455035-135.json,眉山,1,8,0,7,0,511400
四川省,四川,172,538,0,363,3,,510000,https://file1.dxycdn.com/2020/0223/926/3398299755968455035-135.json,雅安,1,7,0,6,0,511800
四川省,四川,172,538,0,363,3,,510000,https://file1.dxycdn.com/2020/0223/926/3398299755968455035-135.json,攀枝花,0,16,0,16,0,510400
四川省,四川,172,538,0,363,3,,510000,https://file1.dxycdn.com/2020/0223/926/3398299755968455035-135.json,自贡,0,9,0,9,0,510300
四川省,四川,172,538,0,363,3,,510000,https://file1.dxycdn.com/2020/0223/926/3398299755968455035-135.json,广元,0,6,0,6,0,510800
四川省,四川,172,538,0,363,3,,510000,https://file1.dxycdn.com/2020/0223/926/3398299755968455035-135.json,乐山,0,3,0,3,0,511100
四川省,四川,172,538,0,363,3,,510000,https://file1.dxycdn.com/2020/0223/926/3398299755968455035-135.json,阿坝州,0,1,0,1,0,513200
湖南省,湖南,161,1018,0,853,4,,430000,https://file1.dxycdn.com/2020/0223/440/3398299751673072079-135.json,长沙,62,242,0,178,2,430100
湖南省,湖南,161,1018,0,853,4,,430000,https://file1.dxycdn.com/2020/0223/440/3398299751673072079-135.json,岳阳,40,156,0,115,1,430600
湖南省,湖南,161,1018,0,853,4,,430000,https://file1.dxycdn.com/2020/0223/440/3398299751673072079-135.json,株洲,18,80,0,62,0,430200
湖南省,湖南,161,1018,0,853,4,,430000,https://file1.dxycdn.com/2020/0223/440/3398299751673072079-135.json,娄底,14,76,0,62,0,431300
湖南省,湖南,161,1018,0,853,4,,430000,https://file1.dxycdn.com/2020/0223/440/3398299751673072079-135.json,常德,10,82,0,72,0,430700
湖南省,湖南,161,1018,0,853,4,,430000,https://file1.dxycdn.com/2020/0223/440/3398299751673072079-135.json,邵阳,6,102,0,95,1,430500
湖南省,湖南,161,1018,0,853,4,,430000,https://file1.dxycdn.com/2020/0223/440/3398299751673072079-135.json,郴州,4,39,0,35,0,431000
湖南省,湖南,161,1018,0,853,4,,430000,https://file1.dxycdn.com/2020/0223/440/3398299751673072079-135.json,衡阳,2,48,0,46,0,430400
湖南省,湖南,161,1018,0,853,4,,430000,https://file1.dxycdn.com/2020/0223/440/3398299751673072079-135.json,永州,2,44,0,42,0,431100
湖南省,湖南,161,1018,0,853,4,,430000,https://file1.dxycdn.com/2020/0223/440/3398299751673072079-135.json,湘潭,2,36,0,34,0,430300
湖南省,湖南,161,1018,0,853,4,,430000,https://file1.dxycdn.com/2020/0223/440/3398299751673072079-135.json,益阳,1,60,0,59,0,430900
湖南省,湖南,161,1018,0,853,4,,430000,https://file1.dxycdn.com/2020/0223/440/3398299751673072079-135.json,怀化,0,40,0,40,0,431200
湖南省,湖南,161,1018,0,853,4,,430000,https://file1.dxycdn.com/2020/0223/440/3398299751673072079-135.json,湘西自治州,0,8,0,8,0,433100
湖南省,湖南,161,1018,0,853,4,,430000,https://file1.dxycdn.com/2020/0223/440/3398299751673072079-135.json,张家界,0,5,0,5,0,430800
黑龙江省,黑龙江,137,480,0,330,13,,230000,https://file1.dxycdn.com/2020/0223/643/3398299753820971199-135.json,哈尔滨,71,198,0,123,4,230100
黑龙江省,黑龙江,137,480,0,330,13,,230000,https://file1.dxycdn.com/2020/0223/643/3398299753820971199-135.json,鸡西,15,46,0,31,0,230300
黑龙江省,黑龙江,137,480,0,330,13,,230000,https://file1.dxycdn.com/2020/0223/643/3398299753820971199-135.json,双鸭山,13,52,0,36,3,230500
黑龙江省,黑龙江,137,480,0,330,13,,230000,https://file1.dxycdn.com/2020/0223/643/3398299753820971199-135.json,齐齐哈尔,9,43,0,33,1,230200
黑龙江省,黑龙江,137,480,0,330,13,,230000,https://file1.dxycdn.com/2020/0223/643/3398299753820971199-135.json,绥化,8,47,0,35,4,231200
黑龙江省,黑龙江,137,480,0,330,13,,230000,https://file1.dxycdn.com/2020/0223/643/3398299753820971199-135.json,大庆,8,26,0,17,1,230600
黑龙江省,黑龙江,137,480,0,330,13,,230000,https://file1.dxycdn.com/2020/0223/643/3398299753820971199-135.json,牡丹江,5,14,0,9,0,231000
黑龙江省,黑龙江,137,480,0,330,13,,230000,https://file1.dxycdn.com/2020/0223/643/3398299753820971199-135.json,七台河,4,17,0,13,0,230900
黑龙江省,黑龙江,137,480,0,330,13,,230000,https://file1.dxycdn.com/2020/0223/643/3398299753820971199-135.json,黑河,3,14,0,11,0,231100
黑龙江省,黑龙江,137,480,0,330,13,,230000,https://file1.dxycdn.com/2020/0223/643/3398299753820971199-135.json,鹤岗,1,5,0,4,0,230400
黑龙江省,黑龙江,137,480,0,330,13,,230000,https://file1.dxycdn.com/2020/0223/643/3398299753820971199-135.json,佳木斯,0,15,0,15,0,230800
黑龙江省,黑龙江,137,480,0,330,13,,230000,https://file1.dxycdn.com/2020/0223/643/3398299753820971199-135.json,大兴安岭,0,2,0,2,0,232700
黑龙江省,黑龙江,137,480,0,330,13,,230000,https://file1.dxycdn.com/2020/0223/643/3398299753820971199-135.json,伊春,0,1,0,1,0,230700
北京市,北京,132,411,0,271,8,部分治愈和死亡病例省级卫健委未明确市区归属。因此省份现存确诊≠下辖市区现存确诊之和。,110000,https://file1.dxycdn.com/2020/0223/004/3398299758115524169-135.json,朝阳区,71,71,0,0,0,110105
北京市,北京,132,411,0,271,8,部分治愈和死亡病例省级卫健委未明确市区归属。因此省份现存确诊≠下辖市区现存确诊之和。,110000,https://file1.dxycdn.com/2020/0223/004/3398299758115524169-135.json,海淀区,62,62,0,0,0,110108
北京市,北京,132,411,0,271,8,部分治愈和死亡病例省级卫健委未明确市区归属。因此省份现存确诊≠下辖市区现存确诊之和。,110000,https://file1.dxycdn.com/2020/0223/004/3398299758115524169-135.json,西城区,53,53,0,0,0,110102
北京市,北京,132,411,0,271,8,部分治愈和死亡病例省级卫健委未明确市区归属。因此省份现存确诊≠下辖市区现存确诊之和。,110000,https://file1.dxycdn.com/2020/0223/004/3398299758115524169-135.json,丰台区,39,42,0,3,0,110106
北京市,北京,132,411,0,271,8,部分治愈和死亡病例省级卫健委未明确市区归属。因此省份现存确诊≠下辖市区现存确诊之和。,110000,https://file1.dxycdn.com/2020/0223/004/3398299758115524169-135.json,大兴区,37,39,0,2,0,110115
北京市,北京,132,411,0,271,8,部分治愈和死亡病例省级卫健委未明确市区归属。因此省份现存确诊≠下辖市区现存确诊之和。,110000,https://file1.dxycdn.com/2020/0223/004/3398299758115524169-135.json,昌平区,29,29,0,0,0,110114
北京市,北京,132,411,0,271,8,部分治愈和死亡病例省级卫健委未明确市区归属。因此省份现存确诊≠下辖市区现存确诊之和。,110000,https://file1.dxycdn.com/2020/0223/004/3398299758115524169-135.json,外地来京人员,23,25,0,2,0,-1
北京市,北京,132,411,0,271,8,部分治愈和死亡病例省级卫健委未明确市区归属。因此省份现存确诊≠下辖市区现存确诊之和。,110000,https://file1.dxycdn.com/2020/0223/004/3398299758115524169-135.json,通州区,18,19,0,1,0,110112
北京市,北京,132,411,0,271,8,部分治愈和死亡病例省级卫健委未明确市区归属。因此省份现存确诊≠下辖市区现存确诊之和。,110000,https://file1.dxycdn.com/2020/0223/004/3398299758115524169-135.json,房山区,13,16,0,3,0,110111
北京市,北京,132,411,0,271,8,部分治愈和死亡病例省级卫健委未明确市区归属。因此省份现存确诊≠下辖市区现存确诊之和。,110000,https://file1.dxycdn.com/2020/0223/004/3398299758115524169-135.json,石景山区,13,14,0,1,0,110107
北京市,北京,132,411,0,271,8,部分治愈和死亡病例省级卫健委未明确市区归属。因此省份现存确诊≠下辖市区现存确诊之和。,110000,https://file1.dxycdn.com/2020/0223/004/3398299758115524169-135.json,东城区,12,13,0,1,0,110101
北京市,北京,132,411,0,271,8,部分治愈和死亡病例省级卫健委未明确市区归属。因此省份现存确诊≠下辖市区现存确诊之和。,110000,https://file1.dxycdn.com/2020/0223/004/3398299758115524169-135.json,顺义区,10,10,0,0,0,110113
北京市,北京,132,411,0,271,8,部分治愈和死亡病例省级卫健委未明确市区归属。因此省份现存确诊≠下辖市区现存确诊之和。,110000,https://file1.dxycdn.com/2020/0223/004/3398299758115524169-135.json,怀柔区,7,7,0,0,0,110116
北京市,北京,132,411,0,271,8,部分治愈和死亡病例省级卫健委未明确市区归属。因此省份现存确诊≠下辖市区现存确诊之和。,110000,https://file1.dxycdn.com/2020/0223/004/3398299758115524169-135.json,密云区,7,7,0,0,0,110118
北京市,北京,132,411,0,271,8,部分治愈和死亡病例省级卫健委未明确市区归属。因此省份现存确诊≠下辖市区现存确诊之和。,110000,https://file1.dxycdn.com/2020/0223/004/3398299758115524169-135.json,门头沟区,1,3,0,2,0,110109
北京市,北京,132,411,0,271,8,部分治愈和死亡病例省级卫健委未明确市区归属。因此省份现存确诊≠下辖市区现存确诊之和。,110000,https://file1.dxycdn.com/2020/0223/004/3398299758115524169-135.json,延庆区,1,1,0,0,0,110119
北京市,北京,132,411,0,271,8,部分治愈和死亡病例省级卫健委未明确市区归属。因此省份现存确诊≠下辖市区现存确诊之和。,110000,https://file1.dxycdn.com/2020/0223/004/3398299758115524169-135.json,待明确地区,-264,0,0,256,8,0
重庆市,重庆,132,576,0,438,6,,500000,https://file1.dxycdn.com/2020/0223/368/3398299751673487486-135.json,万州区,27,118,0,87,4,500101
重庆市,重庆,132,576,0,438,6,,500000,https://file1.dxycdn.com/2020/0223/368/3398299751673487486-135.json,綦江区,9,23,0,14,0,500110
重庆市,重庆,132,576,0,438,6,,500000,https://file1.dxycdn.com/2020/0223/368/3398299751673487486-135.json,长寿区,8,22,0,14,0,500115
重庆市,重庆,132,576,0,438,6,,500000,https://file1.dxycdn.com/2020/0223/368/3398299751673487486-135.json,潼南区,8,18,0,10,0,500152
重庆市,重庆,132,576,0,438,6,,500000,https://file1.dxycdn.com/2020/0223/368/3398299751673487486-135.json,江北区,7,28,0,21,0,500105
重庆市,重庆,132,576,0,438,6,,500000,https://file1.dxycdn.com/2020/0223/368/3398299751673487486-135.json,南岸区,7,15,0,8,0,500108
重庆市,重庆,132,576,0,438,6,,500000,https://file1.dxycdn.com/2020/0223/368/3398299751673487486-135.json,垫江县,6,20,0,14,0,500231
重庆市,重庆,132,576,0,438,6,,500000,https://file1.dxycdn.com/2020/0223/368/3398299751673487486-135.json,沙坪坝区,6,9,0,3,0,500106
重庆市,重庆,132,576,0,438,6,,500000,https://file1.dxycdn.com/2020/0223/368/3398299751673487486-135.json,合川区,5,23,0,18,0,500117
重庆市,重庆,132,576,0,438,6,,500000,https://file1.dxycdn.com/2020/0223/368/3398299751673487486-135.json,九龙坡区,5,21,0,15,1,500107
重庆市,重庆,132,576,0,438,6,,500000,https://file1.dxycdn.com/2020/0223/368/3398299751673487486-135.json,奉节县,4,22,0,18,0,500236
重庆市,重庆,132,576,0,438,6,,500000,https://file1.dxycdn.com/2020/0223/368/3398299751673487486-135.json,大足区,4,14,0,10,0,500111
重庆市,重庆,132,576,0,438,6,,500000,https://file1.dxycdn.com/2020/0223/368/3398299751673487486-135.json,丰都县,4,10,0,6,0,500230
重庆市,重庆,132,576,0,438,6,,500000,https://file1.dxycdn.com/2020/0223/368/3398299751673487486-135.json,云阳县,3,25,0,22,0,500235
重庆市,重庆,132,576,0,438,6,,500000,https://file1.dxycdn.com/2020/0223/368/3398299751673487486-135.json,忠县,3,21,0,18,0,500233
重庆市,重庆,132,576,0,438,6,,500000,https://file1.dxycdn.com/2020/0223/368/3398299751673487486-135.json,渝中区,3,20,0,17,0,500103
重庆市,重庆,132,576,0,438,6,,500000,https://file1.dxycdn.com/2020/0223/368/3398299751673487486-135.json,两江新区,3,17,0,14,0,-1
重庆市,重庆,132,576,0,438,6,,500000,https://file1.dxycdn.com/2020/0223/368/3398299751673487486-135.json,石柱县,3,15,0,12,0,500240
重庆市,重庆,132,576,0,438,6,,500000,https://file1.dxycdn.com/2020/0223/368/3398299751673487486-135.json,铜梁区,3,10,0,7,0,500151
重庆市,重庆,132,576,0,438,6,,500000,https://file1.dxycdn.com/2020/0223/368/3398299751673487486-135.json,渝北区,2,17,0,15,0,500112
重庆市,重庆,132,576,0,438,6,,500000,https://file1.dxycdn.com/2020/0223/368/3398299751673487486-135.json,巫溪县,2,14,0,12,0,500238
重庆市,重庆,132,576,0,438,6,,500000,https://file1.dxycdn.com/2020/0223/368/3398299751673487486-135.json,荣昌区,2,9,0,7,0,500153
重庆市,重庆,132,576,0,438,6,,500000,https://file1.dxycdn.com/2020/0223/368/3398299751673487486-135.json,巴南区,2,6,0,4,0,500113
重庆市,重庆,132,576,0,438,6,,500000,https://file1.dxycdn.com/2020/0223/368/3398299751673487486-135.json,涪陵区,2,5,0,3,0,500102
重庆市,重庆,132,576,0,438,6,,500000,https://file1.dxycdn.com/2020/0223/368/3398299751673487486-135.json,开州区,1,21,0,19,1,500154
重庆市,重庆,132,576,0,438,6,,500000,https://file1.dxycdn.com/2020/0223/368/3398299751673487486-135.json,巫山县,1,10,0,9,0,500237
重庆市,重庆,132,576,0,438,6,,500000,https://file1.dxycdn.com/2020/0223/368/3398299751673487486-135.json,大渡口区,1,7,0,6,0,500104
重庆市,重庆,132,576,0,438,6,,500000,https://file1.dxycdn.com/2020/0223/368/3398299751673487486-135.json,彭水县,1,2,0,1,0,500243
重庆市,重庆,132,576,0,438,6,,500000,https://file1.dxycdn.com/2020/0223/368/3398299751673487486-135.json,璧山区,0,9,0,9,0,500120
重庆市,重庆,132,576,0,438,6,,500000,https://file1.dxycdn.com/2020/0223/368/3398299751673487486-135.json,永川区,0,5,0,5,0,500118
重庆市,重庆,132,576,0,438,6,,500000,https://file1.dxycdn.com/2020/0223/368/3398299751673487486-135.json,江津区,0,4,0,4,0,500116
重庆市,重庆,132,576,0,438,6,,500000,https://file1.dxycdn.com/2020/0223/368/3398299751673487486-135.json,梁平区,0,4,0,4,0,500155
重庆市,重庆,132,576,0,438,6,,500000,https://file1.dxycdn.com/2020/0223/368/3398299751673487486-135.json,高新区,0,4,0,4,0,0
重庆市,重庆,132,576,0,438,6,,500000,https://file1.dxycdn.com/2020/0223/368/3398299751673487486-135.json,黔江区,0,2,0,2,0,500114
重庆市,重庆,132,576,0,438,6,,500000,https://file1.dxycdn.com/2020/0223/368/3398299751673487486-135.json,城口县,0,2,0,2,0,500229
重庆市,重庆,132,576,0,438,6,,500000,https://file1.dxycdn.com/2020/0223/368/3398299751673487486-135.json,武隆区,0,1,0,1,0,500156
重庆市,重庆,132,576,0,438,6,,500000,https://file1.dxycdn.com/2020/0223/368/3398299751673487486-135.json,秀山县,0,1,0,1,0,500241
重庆市,重庆,132,576,0,438,6,,500000,https://file1.dxycdn.com/2020/0223/368/3398299751673487486-135.json,酉阳县,0,1,0,1,0,0
重庆市,重庆,132,576,0,438,6,,500000,https://file1.dxycdn.com/2020/0223/368/3398299751673487486-135.json,万盛经开区,0,1,0,1,0,0
安徽省,安徽,116,990,0,868,6,,340000,https://file1.dxycdn.com/2020/0223/734/3398299753820971301-135.json,合肥,30,174,0,143,1,340100
安徽省,安徽,116,990,0,868,6,,340000,https://file1.dxycdn.com/2020/0223/734/3398299753820971301-135.json,阜阳,21,155,0,134,0,341200
安徽省,安徽,116,990,0,868,6,,340000,https://file1.dxycdn.com/2020/0223/734/3398299753820971301-135.json,六安,12,69,0,57,0,341500
安徽省,安徽,116,990,0,868,6,,340000,https://file1.dxycdn.com/2020/0223/734/3398299753820971301-135.json,蚌埠,11,160,0,144,5,340300
安徽省,安徽,116,990,0,868,6,,340000,https://file1.dxycdn.com/2020/0223/734/3398299753820971301-135.json,亳州,7,108,0,101,0,341600
安徽省,安徽,116,990,0,868,6,,340000,https://file1.dxycdn.com/2020/0223/734/3398299753820971301-135.json,淮南,6,27,0,21,0,340400
安徽省,安徽,116,990,0,868,6,,340000,https://file1.dxycdn.com/2020/0223/734/3398299753820971301-135.json,宿州,5,41,0,36,0,341300
安徽省,安徽,116,990,0,868,6,,340000,https://file1.dxycdn.com/2020/0223/734/3398299753820971301-135.json,马鞍山,5,38,0,33,0,340500
安徽省,安徽,116,990,0,868,6,,340000,https://file1.dxycdn.com/2020/0223/734/3398299753820971301-135.json,池州,4,17,0,13,0,341700
安徽省,安徽,116,990,0,868,6,,340000,https://file1.dxycdn.com/2020/0223/734/3398299753820971301-135.json,安庆,3,83,0,80,0,340800
安徽省,安徽,116,990,0,868,6,,340000,https://file1.dxycdn.com/2020/0223/734/3398299753820971301-135.json,芜湖,3,34,0,31,0,340200
安徽省,安徽,116,990,0,868,6,,340000,https://file1.dxycdn.com/2020/0223/734/3398299753820971301-135.json,淮北,3,27,0,24,0,340600
安徽省,安徽,116,990,0,868,6,,340000,https://file1.dxycdn.com/2020/0223/734/3398299753820971301-135.json,滁州,2,13,0,11,0,341100
安徽省,安徽,116,990,0,868,6,,340000,https://file1.dxycdn.com/2020/0223/734/3398299753820971301-135.json,黄山,2,9,0,7,0,341000
安徽省,安徽,116,990,0,868,6,,340000,https://file1.dxycdn.com/2020/0223/734/3398299753820971301-135.json,宣城,2,6,0,4,0,341800
安徽省,安徽,116,990,0,868,6,,340000,https://file1.dxycdn.com/2020/0223/734/3398299753820971301-135.json,铜陵,0,29,0,29,0,340700
江西省,江西,103,935,0,831,1,,360000,https://file1.dxycdn.com/2020/0223/161/3398299751673072165-135.json,九江,24,118,0,94,0,360400
江西省,江西,103,935,0,831,1,,360000,https://file1.dxycdn.com/2020/0223/161/3398299751673072165-135.json,南昌,23,230,0,207,0,360100
江西省,江西,103,935,0,831,1,,360000,https://file1.dxycdn.com/2020/0223/161/3398299751673072165-135.json,上饶,12,123,0,111,0,361100
江西省,江西,103,935,0,831,1,,360000,https://file1.dxycdn.com/2020/0223/161/3398299751673072165-135.json,新余,10,130,0,120,0,360500
江西省,江西,103,935,0,831,1,,360000,https://file1.dxycdn.com/2020/0223/161/3398299751673072165-135.json,萍乡,8,33,0,25,0,360300
江西省,江西,103,935,0,831,1,,360000,https://file1.dxycdn.com/2020/0223/161/3398299751673072165-135.json,抚州,7,72,0,65,0,361000
江西省,江西,103,935,0,831,1,,360000,https://file1.dxycdn.com/2020/0223/161/3398299751673072165-135.json,鹰潭,6,18,0,12,0,360600
江西省,江西,103,935,0,831,1,,360000,https://file1.dxycdn.com/2020/0223/161/3398299751673072165-135.json,赣州,4,76,0,71,1,360700
江西省,江西,103,935,0,831,1,,360000,https://file1.dxycdn.com/2020/0223/161/3398299751673072165-135.json,吉安,4,22,0,18,0,360800
江西省,江西,103,935,0,831,1,,360000,https://file1.dxycdn.com/2020/0223/161/3398299751673072165-135.json,景德镇,3,6,0,3,0,360200
江西省,江西,103,935,0,831,1,,360000,https://file1.dxycdn.com/2020/0223/161/3398299751673072165-135.json,宜春,2,106,0,104,0,360900
江西省,江西,103,935,0,831,1,,360000,https://file1.dxycdn.com/2020/0223/161/3398299751673072165-135.json,赣江新区,0,1,0,1,0,0
江苏省,江苏,102,631,0,529,0,,320000,https://file1.dxycdn.com/2020/0223/111/3398299753820971290-135.json,南京,35,93,0,58,0,320100
江苏省,江苏,102,631,0,529,0,,320000,https://file1.dxycdn.com/2020/0223/111/3398299753820971290-135.json,苏州,23,87,0,64,0,320500
江苏省,江苏,102,631,0,529,0,,320000,https://file1.dxycdn.com/2020/0223/111/3398299753820971290-135.json,淮安,11,66,0,55,0,320800
江苏省,江苏,102,631,0,529,0,,320000,https://file1.dxycdn.com/2020/0223/111/3398299753820971290-135.json,连云港,11,48,0,37,0,320700
江苏省,江苏,102,631,0,529,0,,320000,https://file1.dxycdn.com/2020/0223/111/3398299753820971290-135.json,徐州,8,79,0,71,0,320300
江苏省,江苏,102,631,0,529,0,,320000,https://file1.dxycdn.com/2020/0223/111/3398299753820971290-135.json,无锡,6,55,0,49,0,320200
江苏省,江苏,102,631,0,529,0,,320000,https://file1.dxycdn.com/2020/0223/111/3398299753820971290-135.json,常州,3,51,0,48,0,320400
江苏省,江苏,102,631,0,529,0,,320000,https://file1.dxycdn.com/2020/0223/111/3398299753820971290-135.json,南通,3,40,0,37,0,320600
江苏省,江苏,102,631,0,529,0,,320000,https://file1.dxycdn.com/2020/0223/111/3398299753820971290-135.json,宿迁,1,13,0,12,0,321300
江苏省,江苏,102,631,0,529,0,,320000,https://file1.dxycdn.com/2020/0223/111/3398299753820971290-135.json,镇江,1,12,0,11,0,321100
江苏省,江苏,102,631,0,529,0,,320000,https://file1.dxycdn.com/2020/0223/111/3398299753820971290-135.json,泰州,0,37,0,37,0,321200
江苏省,江苏,102,631,0,529,0,,320000,https://file1.dxycdn.com/2020/0223/111/3398299753820971290-135.json,盐城,0,27,0,27,0,320900
江苏省,江苏,102,631,0,529,0,,320000,https://file1.dxycdn.com/2020/0223/111/3398299753820971290-135.json,扬州,0,23,0,23,0,321000
广西壮族自治区,广西,71,252,0,179,2,,450000,https://file1.dxycdn.com/2020/0223/536/3398299758115523880-135.json,河池,19,28,0,8,1,451200
广西壮族自治区,广西,71,252,0,179,2,,450000,https://file1.dxycdn.com/2020/0223/536/3398299758115523880-135.json,北海,10,44,0,33,1,450500
广西壮族自治区,广西,71,252,0,179,2,,450000,https://file1.dxycdn.com/2020/0223/536/3398299758115523880-135.json,防城港,9,19,0,10,0,450600
广西壮族自治区,广西,71,252,0,179,2,,450000,https://file1.dxycdn.com/2020/0223/536/3398299758115523880-135.json,柳州,8,24,0,16,0,450200
广西壮族自治区,广西,71,252,0,179,2,,450000,https://file1.dxycdn.com/2020/0223/536/3398299758115523880-135.json,来宾,7,11,0,4,0,451300
广西壮族自治区,广西,71,252,0,179,2,,450000,https://file1.dxycdn.com/2020/0223/536/3398299758115523880-135.json,桂林,6,32,0,26,0,450300
广西壮族自治区,广西,71,252,0,179,2,,450000,https://file1.dxycdn.com/2020/0223/536/3398299758115523880-135.json,南宁,5,55,0,50,0,450100
广西壮族自治区,广西,71,252,0,179,2,,450000,https://file1.dxycdn.com/2020/0223/536/3398299758115523880-135.json,玉林,4,11,0,7,0,450900
广西壮族自治区,广西,71,252,0,179,2,,450000,https://file1.dxycdn.com/2020/0223/536/3398299758115523880-135.json,贵港,2,8,0,6,0,450800
广西壮族自治区,广西,71,252,0,179,2,,450000,https://file1.dxycdn.com/2020/0223/536/3398299758115523880-135.json,钦州,1,8,0,7,0,450700
广西壮族自治区,广西,71,252,0,179,2,,450000,https://file1.dxycdn.com/2020/0223/536/3398299758115523880-135.json,梧州,0,5,0,5,0,450400
广西壮族自治区,广西,71,252,0,179,2,,450000,https://file1.dxycdn.com/2020/0223/536/3398299758115523880-135.json,贺州,0,4,0,4,0,451100
广西壮族自治区,广西,71,252,0,179,2,,450000,https://file1.dxycdn.com/2020/0223/536/3398299758115523880-135.json,百色,0,3,0,3,0,451000
河南省,河南,65,1272,0,1185,22,部分治愈和死亡病例省级卫健委未明确市区归属。因此省份现存确诊≠下辖市区现存确诊之和。,410000,https://file1.dxycdn.com/2020/0223/958/3398299751673487456-135.json,郑州,23,157,0,134,0,410100
河南省,河南,65,1272,0,1185,22,部分治愈和死亡病例省级卫健委未明确市区归属。因此省份现存确诊≠下辖市区现存确诊之和。,410000,https://file1.dxycdn.com/2020/0223/958/3398299751673487456-135.json,信阳,14,274,0,258,2,411500
河南省,河南,65,1272,0,1185,22,部分治愈和死亡病例省级卫健委未明确市区归属。因此省份现存确诊≠下辖市区现存确诊之和。,410000,https://file1.dxycdn.com/2020/0223/958/3398299751673487456-135.json,周口,9,76,0,66,1,411600
河南省,河南,65,1272,0,1185,22,部分治愈和死亡病例省级卫健委未明确市区归属。因此省份现存确诊≠下辖市区现存确诊之和。,410000,https://file1.dxycdn.com/2020/0223/958/3398299751673487456-135.json,开封,8,26,0,18,0,410200
河南省,河南,65,1272,0,1185,22,部分治愈和死亡病例省级卫健委未明确市区归属。因此省份现存确诊≠下辖市区现存确诊之和。,410000,https://file1.dxycdn.com/2020/0223/958/3398299751673487456-135.json,安阳,6,53,0,47,0,410500
河南省,河南,65,1272,0,1185,22,部分治愈和死亡病例省级卫健委未明确市区归属。因此省份现存确诊≠下辖市区现存确诊之和。,410000,https://file1.dxycdn.com/2020/0223/958/3398299751673487456-135.json,漯河,5,35,0,30,0,411100
河南省,河南,65,1272,0,1185,22,部分治愈和死亡病例省级卫健委未明确市区归属。因此省份现存确诊≠下辖市区现存确诊之和。,410000,https://file1.dxycdn.com/2020/0223/958/3398299751673487456-135.json,南阳,4,156,0,149,3,411300
河南省,河南,65,1272,0,1185,22,部分治愈和死亡病例省级卫健委未明确市区归属。因此省份现存确诊≠下辖市区现存确诊之和。,410000,https://file1.dxycdn.com/2020/0223/958/3398299751673487456-135.json,平顶山,4,58,0,53,1,410400
河南省,河南,65,1272,0,1185,22,部分治愈和死亡病例省级卫健委未明确市区归属。因此省份现存确诊≠下辖市区现存确诊之和。,410000,https://file1.dxycdn.com/2020/0223/958/3398299751673487456-135.json,濮阳,4,17,0,13,0,410900
河南省,河南,65,1272,0,1185,22,部分治愈和死亡病例省级卫健委未明确市区归属。因此省份现存确诊≠下辖市区现存确诊之和。,410000,https://file1.dxycdn.com/2020/0223/958/3398299751673487456-135.json,洛阳,3,31,0,27,1,410300
河南省,河南,65,1272,0,1185,22,部分治愈和死亡病例省级卫健委未明确市区归属。因此省份现存确诊≠下辖市区现存确诊之和。,410000,https://file1.dxycdn.com/2020/0223/958/3398299751673487456-135.json,驻马店,2,139,0,137,0,411700
河南省,河南,65,1272,0,1185,22,部分治愈和死亡病例省级卫健委未明确市区归属。因此省份现存确诊≠下辖市区现存确诊之和。,410000,https://file1.dxycdn.com/2020/0223/958/3398299751673487456-135.json,商丘,2,91,0,86,3,411400
河南省,河南,65,1272,0,1185,22,部分治愈和死亡病例省级卫健委未明确市区归属。因此省份现存确诊≠下辖市区现存确诊之和。,410000,https://file1.dxycdn.com/2020/0223/958/3398299751673487456-135.json,许昌,2,39,0,37,0,411000
河南省,河南,65,1272,0,1185,22,部分治愈和死亡病例省级卫健委未明确市区归属。因此省份现存确诊≠下辖市区现存确诊之和。,410000,https://file1.dxycdn.com/2020/0223/958/3398299751673487456-135.json,济源,2,5,0,3,0,419001
河南省,河南,65,1272,0,1185,22,部分治愈和死亡病例省级卫健委未明确市区归属。因此省份现存确诊≠下辖市区现存确诊之和。,410000,https://file1.dxycdn.com/2020/0223/958/3398299751673487456-135.json,新乡,1,57,0,53,3,410700
河南省,河南,65,1272,0,1185,22,部分治愈和死亡病例省级卫健委未明确市区归属。因此省份现存确诊≠下辖市区现存确诊之和。,410000,https://file1.dxycdn.com/2020/0223/958/3398299751673487456-135.json,鹤壁,1,19,0,18,0,410600
河南省,河南,65,1272,0,1185,22,部分治愈和死亡病例省级卫健委未明确市区归属。因此省份现存确诊≠下辖市区现存确诊之和。,410000,https://file1.dxycdn.com/2020/0223/958/3398299751673487456-135.json,焦作,0,32,0,31,1,410800
河南省,河南,65,1272,0,1185,22,部分治愈和死亡病例省级卫健委未明确市区归属。因此省份现存确诊≠下辖市区现存确诊之和。,410000,https://file1.dxycdn.com/2020/0223/958/3398299751673487456-135.json,三门峡,0,7,0,6,1,411200
河南省,河南,65,1272,0,1185,22,部分治愈和死亡病例省级卫健委未明确市区归属。因此省份现存确诊≠下辖市区现存确诊之和。,410000,https://file1.dxycdn.com/2020/0223/958/3398299751673487456-135.json,待明确地区,-25,0,0,19,6,0
香港,香港,60,95,0,33,2,,810000,https://file1.dxycdn.com/2020/0223/331/3398299755968040033-135.json,NA,NA,NA,NA,NA,NA,NA
福建省,福建,52,296,0,243,1,部分治愈病例省级卫健委未明确市区归属。因此省份现存确诊≠下辖市区现存确诊之和。,350000,https://file1.dxycdn.com/2020/0223/744/3398299751673071813-135.json,莆田,20,56,0,36,0,350300
福建省,福建,52,296,0,243,1,部分治愈病例省级卫健委未明确市区归属。因此省份现存确诊≠下辖市区现存确诊之和。,350000,https://file1.dxycdn.com/2020/0223/744/3398299751673071813-135.json,泉州,15,47,0,32,0,350500
福建省,福建,52,296,0,243,1,部分治愈病例省级卫健委未明确市区归属。因此省份现存确诊≠下辖市区现存确诊之和。,350000,https://file1.dxycdn.com/2020/0223/744/3398299751673071813-135.json,南平,6,20,0,14,0,350700
福建省,福建,52,296,0,243,1,部分治愈病例省级卫健委未明确市区归属。因此省份现存确诊≠下辖市区现存确诊之和。,350000,https://file1.dxycdn.com/2020/0223/744/3398299751673071813-135.json,漳州,4,20,0,16,0,350600
福建省,福建,52,296,0,243,1,部分治愈病例省级卫健委未明确市区归属。因此省份现存确诊≠下辖市区现存确诊之和。,350000,https://file1.dxycdn.com/2020/0223/744/3398299751673071813-135.json,宁德,3,26,0,23,0,350900
福建省,福建,52,296,0,243,1,部分治愈病例省级卫健委未明确市区归属。因此省份现存确诊≠下辖市区现存确诊之和。,350000,https://file1.dxycdn.com/2020/0223/744/3398299751673071813-135.json,三明,2,14,0,12,0,350400
福建省,福建,52,296,0,243,1,部分治愈病例省级卫健委未明确市区归属。因此省份现存确诊≠下辖市区现存确诊之和。,350000,https://file1.dxycdn.com/2020/0223/744/3398299751673071813-135.json,福州,1,72,0,70,1,350100
福建省,福建,52,296,0,243,1,部分治愈病例省级卫健委未明确市区归属。因此省份现存确诊≠下辖市区现存确诊之和。,350000,https://file1.dxycdn.com/2020/0223/744/3398299751673071813-135.json,厦门,1,35,0,34,0,350200
福建省,福建,52,296,0,243,1,部分治愈病例省级卫健委未明确市区归属。因此省份现存确诊≠下辖市区现存确诊之和。,350000,https://file1.dxycdn.com/2020/0223/744/3398299751673071813-135.json,龙岩,0,6,0,6,0,350800
上海市,上海,47,337,0,287,3,部分死亡病例省级卫健委未明确市区归属。因此上海市现存确诊≠下辖分区现存确诊之和。,310000,https://file1.dxycdn.com/2020/0223/128/3398299755968454977-135.json,外地来沪人员,16,111,0,94,1,-1
上海市,上海,47,337,0,287,3,部分死亡病例省级卫健委未明确市区归属。因此上海市现存确诊≠下辖分区现存确诊之和。,310000,https://file1.dxycdn.com/2020/0223/128/3398299755968454977-135.json,浦东新区,8,60,0,52,0,310115
上海市,上海,47,337,0,287,3,部分死亡病例省级卫健委未明确市区归属。因此上海市现存确诊≠下辖分区现存确诊之和。,310000,https://file1.dxycdn.com/2020/0223/128/3398299755968454977-135.json,宝山区,7,21,0,14,0,310113
上海市,上海,47,337,0,287,3,部分死亡病例省级卫健委未明确市区归属。因此上海市现存确诊≠下辖分区现存确诊之和。,310000,https://file1.dxycdn.com/2020/0223/128/3398299755968454977-135.json,静安区,3,16,0,13,0,310106
上海市,上海,47,337,0,287,3,部分死亡病例省级卫健委未明确市区归属。因此上海市现存确诊≠下辖分区现存确诊之和。,310000,https://file1.dxycdn.com/2020/0223/128/3398299755968454977-135.json,徐汇区,2,18,0,16,0,310104
上海市,上海,47,337,0,287,3,部分死亡病例省级卫健委未明确市区归属。因此上海市现存确诊≠下辖分区现存确诊之和。,310000,https://file1.dxycdn.com/2020/0223/128/3398299755968454977-135.json,松江区,2,14,0,12,0,310117
上海市,上海,47,337,0,287,3,部分死亡病例省级卫健委未明确市区归属。因此上海市现存确诊≠下辖分区现存确诊之和。,310000,https://file1.dxycdn.com/2020/0223/128/3398299755968454977-135.json,嘉定区,2,9,0,7,0,310114
上海市,上海,47,337,0,287,3,部分死亡病例省级卫健委未明确市区归属。因此上海市现存确诊≠下辖分区现存确诊之和。,310000,https://file1.dxycdn.com/2020/0223/128/3398299755968454977-135.json,黄浦区,2,6,0,4,0,310101
上海市,上海,47,337,0,287,3,部分死亡病例省级卫健委未明确市区归属。因此上海市现存确诊≠下辖分区现存确诊之和。,310000,https://file1.dxycdn.com/2020/0223/128/3398299755968454977-135.json,闵行区,1,19,0,18,0,310112
上海市,上海,47,337,0,287,3,部分死亡病例省级卫健委未明确市区归属。因此上海市现存确诊≠下辖分区现存确诊之和。,310000,https://file1.dxycdn.com/2020/0223/128/3398299755968454977-135.json,普陀区,1,11,0,10,0,310107
上海市,上海,47,337,0,287,3,部分死亡病例省级卫健委未明确市区归属。因此上海市现存确诊≠下辖分区现存确诊之和。,310000,https://file1.dxycdn.com/2020/0223/128/3398299755968454977-135.json,奉贤区,1,9,0,8,0,310120
上海市,上海,47,337,0,287,3,部分死亡病例省级卫健委未明确市区归属。因此上海市现存确诊≠下辖分区现存确诊之和。,310000,https://file1.dxycdn.com/2020/0223/128/3398299755968454977-135.json,虹口区,1,7,0,6,0,310109
上海市,上海,47,337,0,287,3,部分死亡病例省级卫健委未明确市区归属。因此上海市现存确诊≠下辖分区现存确诊之和。,310000,https://file1.dxycdn.com/2020/0223/128/3398299755968454977-135.json,青浦区,1,6,0,5,0,310118
上海市,上海,47,337,0,287,3,部分死亡病例省级卫健委未明确市区归属。因此上海市现存确诊≠下辖分区现存确诊之和。,310000,https://file1.dxycdn.com/2020/0223/128/3398299755968454977-135.json,金山区,1,4,0,3,0,310116
上海市,上海,47,337,0,287,3,部分死亡病例省级卫健委未明确市区归属。因此上海市现存确诊≠下辖分区现存确诊之和。,310000,https://file1.dxycdn.com/2020/0223/128/3398299755968454977-135.json,崇明区,1,4,0,3,0,310151
上海市,上海,47,337,0,287,3,部分死亡病例省级卫健委未明确市区归属。因此上海市现存确诊≠下辖分区现存确诊之和。,310000,https://file1.dxycdn.com/2020/0223/128/3398299755968454977-135.json,长宁区,0,13,0,13,0,310105
上海市,上海,47,337,0,287,3,部分死亡病例省级卫健委未明确市区归属。因此上海市现存确诊≠下辖分区现存确诊之和。,310000,https://file1.dxycdn.com/2020/0223/128/3398299755968454977-135.json,杨浦区,0,9,0,9,0,310110
上海市,上海,47,337,0,287,3,部分死亡病例省级卫健委未明确市区归属。因此上海市现存确诊≠下辖分区现存确诊之和。,310000,https://file1.dxycdn.com/2020/0223/128/3398299755968454977-135.json,待明确地区,-2,0,0,0,2,0
陕西省,陕西,37,245,0,207,1,部分治愈病例省级卫健委未明确市区归属。因此省份现存确诊≠下辖市区现存确诊之和。,610000,https://file1.dxycdn.com/2020/0223/857/3398299753820971228-135.json,西安,19,120,0,100,1,610100
陕西省,陕西,37,245,0,207,1,部分治愈病例省级卫健委未明确市区归属。因此省份现存确诊≠下辖市区现存确诊之和。,610000,https://file1.dxycdn.com/2020/0223/857/3398299753820971228-135.json,渭南,6,15,0,9,0,610500
陕西省,陕西,37,245,0,207,1,部分治愈病例省级卫健委未明确市区归属。因此省份现存确诊≠下辖市区现存确诊之和。,610000,https://file1.dxycdn.com/2020/0223/857/3398299753820971228-135.json,汉中,4,26,0,22,0,610700
陕西省,陕西,37,245,0,207,1,部分治愈病例省级卫健委未明确市区归属。因此省份现存确诊≠下辖市区现存确诊之和。,610000,https://file1.dxycdn.com/2020/0223/857/3398299753820971228-135.json,安康,3,26,0,23,0,610900
陕西省,陕西,37,245,0,207,1,部分治愈病例省级卫健委未明确市区归属。因此省份现存确诊≠下辖市区现存确诊之和。,610000,https://file1.dxycdn.com/2020/0223/857/3398299753820971228-135.json,铜川,2,8,0,6,0,610200
陕西省,陕西,37,245,0,207,1,部分治愈病例省级卫健委未明确市区归属。因此省份现存确诊≠下辖市区现存确诊之和。,610000,https://file1.dxycdn.com/2020/0223/857/3398299753820971228-135.json,咸阳,1,17,0,16,0,610400
陕西省,陕西,37,245,0,207,1,部分治愈病例省级卫健委未明确市区归属。因此省份现存确诊≠下辖市区现存确诊之和。,610000,https://file1.dxycdn.com/2020/0223/857/3398299753820971228-135.json,宝鸡,1,13,0,12,0,610300
陕西省,陕西,37,245,0,207,1,部分治愈病例省级卫健委未明确市区归属。因此省份现存确诊≠下辖市区现存确诊之和。,610000,https://file1.dxycdn.com/2020/0223/857/3398299753820971228-135.json,商洛,1,7,0,6,0,611000
陕西省,陕西,37,245,0,207,1,部分治愈病例省级卫健委未明确市区归属。因此省份现存确诊≠下辖市区现存确诊之和。,610000,https://file1.dxycdn.com/2020/0223/857/3398299753820971228-135.json,延安,0,8,0,8,0,610600
陕西省,陕西,37,245,0,207,1,部分治愈病例省级卫健委未明确市区归属。因此省份现存确诊≠下辖市区现存确诊之和。,610000,https://file1.dxycdn.com/2020/0223/857/3398299753820971228-135.json,榆林,0,3,0,3,0,610800
陕西省,陕西,37,245,0,207,1,部分治愈病例省级卫健委未明确市区归属。因此省份现存确诊≠下辖市区现存确诊之和。,610000,https://file1.dxycdn.com/2020/0223/857/3398299753820971228-135.json,韩城,0,1,0,1,0,610581
陕西省,陕西,37,245,0,207,1,部分治愈病例省级卫健委未明确市区归属。因此省份现存确诊≠下辖市区现存确诊之和。,610000,https://file1.dxycdn.com/2020/0223/857/3398299753820971228-135.json,杨凌,0,1,0,1,0,0
贵州省,贵州,32,146,0,112,2,,520000,https://file1.dxycdn.com/2020/0223/148/3398299753820971243-135.json,遵义,13,32,0,19,0,520300
贵州省,贵州,32,146,0,112,2,,520000,https://file1.dxycdn.com/2020/0223/148/3398299753820971243-135.json,贵阳,8,36,0,27,1,520100
贵州省,贵州,32,146,0,112,2,,520000,https://file1.dxycdn.com/2020/0223/148/3398299753820971243-135.json,毕节,8,23,0,15,0,520500
贵州省,贵州,32,146,0,112,2,,520000,https://file1.dxycdn.com/2020/0223/148/3398299753820971243-135.json,黔南州,2,17,0,15,0,522700
贵州省,贵州,32,146,0,112,2,,520000,https://file1.dxycdn.com/2020/0223/148/3398299753820971243-135.json,六盘水,1,10,0,8,1,520200
贵州省,贵州,32,146,0,112,2,,520000,https://file1.dxycdn.com/2020/0223/148/3398299753820971243-135.json,铜仁,0,10,0,10,0,520600
贵州省,贵州,32,146,0,112,2,,520000,https://file1.dxycdn.com/2020/0223/148/3398299753820971243-135.json,黔东南州,0,10,0,10,0,522600
贵州省,贵州,32,146,0,112,2,,520000,https://file1.dxycdn.com/2020/0223/148/3398299753820971243-135.json,安顺,0,4,0,4,0,520400
贵州省,贵州,32,146,0,112,2,,520000,https://file1.dxycdn.com/2020/0223/148/3398299753820971243-135.json,黔西南州,0,4,0,4,0,522300
台湾,台湾,29,39,0,9,1,,710000,https://file1.dxycdn.com/2020/0223/045/3398299749526003760-135.json,NA,NA,NA,NA,NA,NA,NA
河北省,河北,29,318,0,283,6,,130000,https://file1.dxycdn.com/2020/0223/473/3398299751673487477-135.json,唐山,15,58,0,42,1,130200
河北省,河北,29,318,0,283,6,,130000,https://file1.dxycdn.com/2020/0223/473/3398299751673487477-135.json,张家口,8,41,0,33,0,130700
河北省,河北,29,318,0,283,6,,130000,https://file1.dxycdn.com/2020/0223/473/3398299751673487477-135.json,沧州,3,48,0,42,3,130900
河北省,河北,29,318,0,283,6,,130000,https://file1.dxycdn.com/2020/0223/473/3398299751673487477-135.json,石家庄,2,29,0,27,0,130100
河北省,河北,29,318,0,283,6,,130000,https://file1.dxycdn.com/2020/0223/473/3398299751673487477-135.json,邯郸,1,32,0,31,0,130400
河北省,河北,29,318,0,283,6,,130000,https://file1.dxycdn.com/2020/0223/473/3398299751673487477-135.json,保定,0,32,0,32,0,130600
河北省,河北,29,318,0,283,6,,130000,https://file1.dxycdn.com/2020/0223/473/3398299751673487477-135.json,廊坊,0,30,0,30,0,131000
河北省,河北,29,318,0,283,6,,130000,https://file1.dxycdn.com/2020/0223/473/3398299751673487477-135.json,邢台,0,23,0,22,1,130500
河北省,河北,29,318,0,283,6,,130000,https://file1.dxycdn.com/2020/0223/473/3398299751673487477-135.json,秦皇岛,0,10,0,9,1,130300
河北省,河北,29,318,0,283,6,,130000,https://file1.dxycdn.com/2020/0223/473/3398299751673487477-135.json,衡水,0,8,0,8,0,131100
河北省,河北,29,318,0,283,6,,130000,https://file1.dxycdn.com/2020/0223/473/3398299751673487477-135.json,承德,0,7,0,7,0,130800
天津市,天津,24,136,0,109,3,,120000,https://file1.dxycdn.com/2020/0223/669/3398299753820555949-135.json,宝坻区,13,60,0,45,2,120115
天津市,天津,24,136,0,109,3,,120000,https://file1.dxycdn.com/2020/0223/669/3398299753820555949-135.json,河东区,3,15,0,11,1,120102
天津市,天津,24,136,0,109,3,,120000,https://file1.dxycdn.com/2020/0223/669/3398299753820555949-135.json,河北区,2,12,0,10,0,120105
天津市,天津,24,136,0,109,3,,120000,https://file1.dxycdn.com/2020/0223/669/3398299753820555949-135.json,南开区,2,6,0,4,0,120104
天津市,天津,24,136,0,109,3,,120000,https://file1.dxycdn.com/2020/0223/669/3398299753820555949-135.json,北辰区,1,6,0,5,0,120113
天津市,天津,24,136,0,109,3,,120000,https://file1.dxycdn.com/2020/0223/669/3398299753820555949-135.json,和平区,1,6,0,5,0,120101
天津市,天津,24,136,0,109,3,,120000,https://file1.dxycdn.com/2020/0223/669/3398299753820555949-135.json,宁河区,1,4,0,3,0,120117
天津市,天津,24,136,0,109,3,,120000,https://file1.dxycdn.com/2020/0223/669/3398299753820555949-135.json,津南区,1,2,0,1,0,120112
天津市,天津,24,136,0,109,3,,120000,https://file1.dxycdn.com/2020/0223/669/3398299753820555949-135.json,外地来津人员,0,6,0,6,0,0
天津市,天津,24,136,0,109,3,,120000,https://file1.dxycdn.com/2020/0223/669/3398299753820555949-135.json,东丽区,0,4,0,4,0,120110
天津市,天津,24,136,0,109,3,,120000,https://file1.dxycdn.com/2020/0223/669/3398299753820555949-135.json,河西区,0,4,0,4,0,120103
天津市,天津,24,136,0,109,3,,120000,https://file1.dxycdn.com/2020/0223/669/3398299753820555949-135.json,西青区,0,4,0,4,0,120111
天津市,天津,24,136,0,109,3,,120000,https://file1.dxycdn.com/2020/0223/669/3398299753820555949-135.json,滨海新区,0,3,0,3,0,120116
天津市,天津,24,136,0,109,3,,120000,https://file1.dxycdn.com/2020/0223/669/3398299753820555949-135.json,武清区,0,2,0,2,0,120114
天津市,天津,24,136,0,109,3,,120000,https://file1.dxycdn.com/2020/0223/669/3398299753820555949-135.json,红桥区,0,2,0,2,0,120106
内蒙古自治区,内蒙古,24,75,0,51,0,,150000,https://file1.dxycdn.com/2020/0223/783/3398299758115938727-135.json,锡林郭勒盟,6,9,0,3,0,152500
内蒙古自治区,内蒙古,24,75,0,51,0,,150000,https://file1.dxycdn.com/2020/0223/783/3398299758115938727-135.json,包头,5,11,0,6,0,150200
内蒙古自治区,内蒙古,24,75,0,51,0,,150000,https://file1.dxycdn.com/2020/0223/783/3398299758115938727-135.json,通辽,4,7,0,3,0,150500
内蒙古自治区,内蒙古,24,75,0,51,0,,150000,https://file1.dxycdn.com/2020/0223/783/3398299758115938727-135.json,呼和浩特,3,7,0,4,0,150100
内蒙古自治区,内蒙古,24,75,0,51,0,,150000,https://file1.dxycdn.com/2020/0223/783/3398299758115938727-135.json,呼伦贝尔,2,7,0,5,0,150700
内蒙古自治区,内蒙古,24,75,0,51,0,,150000,https://file1.dxycdn.com/2020/0223/783/3398299758115938727-135.json,鄂尔多斯,1,11,0,10,0,150600
内蒙古自治区,内蒙古,24,75,0,51,0,,150000,https://file1.dxycdn.com/2020/0223/783/3398299758115938727-135.json,赤峰,1,9,0,8,0,150400
内蒙古自治区,内蒙古,24,75,0,51,0,,150000,https://file1.dxycdn.com/2020/0223/783/3398299758115938727-135.json,巴彦淖尔,1,8,0,7,0,150800
内蒙古自治区,内蒙古,24,75,0,51,0,,150000,https://file1.dxycdn.com/2020/0223/783/3398299758115938727-135.json,乌兰察布,1,3,0,2,0,150900
内蒙古自治区,内蒙古,24,75,0,51,0,,150000,https://file1.dxycdn.com/2020/0223/783/3398299758115938727-135.json,乌海市,0,2,0,2,0,150300
内蒙古自治区,内蒙古,24,75,0,51,0,,150000,https://file1.dxycdn.com/2020/0223/783/3398299758115938727-135.json,兴安盟,0,1,0,1,0,152200
辽宁省,辽宁,20,122,0,101,1,部分治愈病例尚未明确市区归属。因此省份现存确诊≠下辖市区现存确诊之和。,210000,https://file1.dxycdn.com/2020/0223/815/3398299758115938736-135.json,大连,4,19,0,15,0,210200
辽宁省,辽宁,20,122,0,101,1,部分治愈病例尚未明确市区归属。因此省份现存确诊≠下辖市区现存确诊之和。,210000,https://file1.dxycdn.com/2020/0223/815/3398299758115938736-135.json,葫芦岛,4,12,0,7,1,211400
辽宁省,辽宁,20,122,0,101,1,部分治愈病例尚未明确市区归属。因此省份现存确诊≠下辖市区现存确诊之和。,210000,https://file1.dxycdn.com/2020/0223/815/3398299758115938736-135.json,沈阳,3,28,0,25,0,210100
辽宁省,辽宁,20,122,0,101,1,部分治愈病例尚未明确市区归属。因此省份现存确诊≠下辖市区现存确诊之和。,210000,https://file1.dxycdn.com/2020/0223/815/3398299758115938736-135.json,丹东,2,8,0,6,0,210600
辽宁省,辽宁,20,122,0,101,1,部分治愈病例尚未明确市区归属。因此省份现存确诊≠下辖市区现存确诊之和。,210000,https://file1.dxycdn.com/2020/0223/815/3398299758115938736-135.json,铁岭,2,7,0,5,0,211200
辽宁省,辽宁,20,122,0,101,1,部分治愈病例尚未明确市区归属。因此省份现存确诊≠下辖市区现存确诊之和。,210000,https://file1.dxycdn.com/2020/0223/815/3398299758115938736-135.json,朝阳,2,6,0,4,0,211300
辽宁省,辽宁,20,122,0,101,1,部分治愈病例尚未明确市区归属。因此省份现存确诊≠下辖市区现存确诊之和。,210000,https://file1.dxycdn.com/2020/0223/815/3398299758115938736-135.json,鞍山,2,4,0,2,0,210300
辽宁省,辽宁,20,122,0,101,1,部分治愈病例尚未明确市区归属。因此省份现存确诊≠下辖市区现存确诊之和。,210000,https://file1.dxycdn.com/2020/0223/815/3398299758115938736-135.json,锦州,1,12,0,11,0,210700
辽宁省,辽宁,20,122,0,101,1,部分治愈病例尚未明确市区归属。因此省份现存确诊≠下辖市区现存确诊之和。,210000,https://file1.dxycdn.com/2020/0223/815/3398299758115938736-135.json,盘锦,0,11,0,11,0,211100
辽宁省,辽宁,20,122,0,101,1,部分治愈病例尚未明确市区归属。因此省份现存确诊≠下辖市区现存确诊之和。,210000,https://file1.dxycdn.com/2020/0223/815/3398299758115938736-135.json,阜新,0,8,0,8,0,210900
辽宁省,辽宁,20,122,0,101,1,部分治愈病例尚未明确市区归属。因此省份现存确诊≠下辖市区现存确诊之和。,210000,https://file1.dxycdn.com/2020/0223/815/3398299758115938736-135.json,本溪,0,3,0,3,0,210500
辽宁省,辽宁,20,122,0,101,1,部分治愈病例尚未明确市区归属。因此省份现存确诊≠下辖市区现存确诊之和。,210000,https://file1.dxycdn.com/2020/0223/815/3398299758115938736-135.json,辽阳,0,3,0,3,0,211000
辽宁省,辽宁,20,122,0,101,1,部分治愈病例尚未明确市区归属。因此省份现存确诊≠下辖市区现存确诊之和。,210000,https://file1.dxycdn.com/2020/0223/815/3398299758115938736-135.json,营口,0,1,0,1,0,210800
山西省,山西,19,133,0,114,0,,140000,https://file1.dxycdn.com/2020/0223/196/3398299755968040081-135.json,晋中,9,37,0,28,0,140700
山西省,山西,19,133,0,114,0,,140000,https://file1.dxycdn.com/2020/0223/196/3398299755968040081-135.json,大同,4,12,0,8,0,140200
山西省,山西,19,133,0,114,0,,140000,https://file1.dxycdn.com/2020/0223/196/3398299755968040081-135.json,晋城,2,10,0,8,0,140500
山西省,山西,19,133,0,114,0,,140000,https://file1.dxycdn.com/2020/0223/196/3398299755968040081-135.json,太原,1,20,0,19,0,140100
山西省,山西,19,133,0,114,0,,140000,https://file1.dxycdn.com/2020/0223/196/3398299755968040081-135.json,运城,1,19,0,18,0,140800
山西省,山西,19,133,0,114,0,,140000,https://file1.dxycdn.com/2020/0223/196/3398299755968040081-135.json,长治,1,8,0,7,0,140400
山西省,山西,19,133,0,114,0,,140000,https://file1.dxycdn.com/2020/0223/196/3398299755968040081-135.json,忻州,1,7,0,6,0,140900
山西省,山西,19,133,0,114,0,,140000,https://file1.dxycdn.com/2020/0223/196/3398299755968040081-135.json,朔州,0,8,0,8,0,140600
山西省,山西,19,133,0,114,0,,140000,https://file1.dxycdn.com/2020/0223/196/3398299755968040081-135.json,吕梁,0,6,0,6,0,141100
山西省,山西,19,133,0,114,0,,140000,https://file1.dxycdn.com/2020/0223/196/3398299755968040081-135.json,阳泉,0,4,0,4,0,140300
山西省,山西,19,133,0,114,0,,140000,https://file1.dxycdn.com/2020/0223/196/3398299755968040081-135.json,临汾,0,2,0,2,0,141000
吉林省,吉林,17,93,0,75,1,,220000,https://file1.dxycdn.com/2020/0223/046/3398299755968039975-135.json,长春,6,45,0,39,0,220100
吉林省,吉林,17,93,0,75,1,,220000,https://file1.dxycdn.com/2020/0223/046/3398299755968039975-135.json,四平市,3,15,0,11,1,220300
吉林省,吉林,17,93,0,75,1,,220000,https://file1.dxycdn.com/2020/0223/046/3398299755968039975-135.json,辽源,3,7,0,4,0,220400
吉林省,吉林,17,93,0,75,1,,220000,https://file1.dxycdn.com/2020/0223/046/3398299755968039975-135.json,通化,3,6,0,3,0,220500
吉林省,吉林,17,93,0,75,1,,220000,https://file1.dxycdn.com/2020/0223/046/3398299755968039975-135.json,公主岭,1,6,0,5,0,220381
吉林省,吉林,17,93,0,75,1,,220000,https://file1.dxycdn.com/2020/0223/046/3398299755968039975-135.json,白城,1,1,0,0,0,220800
吉林省,吉林,17,93,0,75,1,,220000,https://file1.dxycdn.com/2020/0223/046/3398299755968039975-135.json,吉林市,0,5,0,5,0,220200
吉林省,吉林,17,93,0,75,1,,220000,https://file1.dxycdn.com/2020/0223/046/3398299755968039975-135.json,延边,0,5,0,5,0,222400
吉林省,吉林,17,93,0,75,1,,220000,https://file1.dxycdn.com/2020/0223/046/3398299755968039975-135.json,松原,0,2,0,2,0,220700
吉林省,吉林,17,93,0,75,1,,220000,https://file1.dxycdn.com/2020/0223/046/3398299755968039975-135.json,梅河口,0,1,0,1,0,220581
云南省,云南,15,174,0,157,2,,530000,https://file1.dxycdn.com/2020/0223/159/3398299758115523929-135.json,昆明,5,53,0,48,0,530100
云南省,云南,15,174,0,157,2,,530000,https://file1.dxycdn.com/2020/0223/159/3398299758115523929-135.json,昭通,5,25,0,20,0,530600
云南省,云南,15,174,0,157,2,,530000,https://file1.dxycdn.com/2020/0223/159/3398299758115523929-135.json,玉溪,1,14,0,12,1,530400
云南省,云南,15,174,0,157,2,,530000,https://file1.dxycdn.com/2020/0223/159/3398299758115523929-135.json,曲靖,1,13,0,12,0,530300
云南省,云南,15,174,0,157,2,,530000,https://file1.dxycdn.com/2020/0223/159/3398299758115523929-135.json,红河州,1,9,0,8,0,0
云南省,云南,15,174,0,157,2,,530000,https://file1.dxycdn.com/2020/0223/159/3398299758115523929-135.json,保山,1,9,0,8,0,530500
云南省,云南,15,174,0,157,2,,530000,https://file1.dxycdn.com/2020/0223/159/3398299758115523929-135.json,德宏州,1,5,0,4,0,0
云南省,云南,15,174,0,157,2,,530000,https://file1.dxycdn.com/2020/0223/159/3398299758115523929-135.json,西双版纳,0,15,0,14,1,532800
云南省,云南,15,174,0,157,2,,530000,https://file1.dxycdn.com/2020/0223/159/3398299758115523929-135.json,大理州,0,13,0,13,0,0
云南省,云南,15,174,0,157,2,,530000,https://file1.dxycdn.com/2020/0223/159/3398299758115523929-135.json,丽江,0,7,0,7,0,530700
云南省,云南,15,174,0,157,2,,530000,https://file1.dxycdn.com/2020/0223/159/3398299758115523929-135.json,普洱,0,4,0,4,0,530800
云南省,云南,15,174,0,157,2,,530000,https://file1.dxycdn.com/2020/0223/159/3398299758115523929-135.json,楚雄州,0,4,0,4,0,0
云南省,云南,15,174,0,157,2,,530000,https://file1.dxycdn.com/2020/0223/159/3398299758115523929-135.json,文山州,0,2,0,2,0,0
云南省,云南,15,174,0,157,2,,530000,https://file1.dxycdn.com/2020/0223/159/3398299758115523929-135.json,临沧,0,1,0,1,0,530900
海南省,海南,15,168,0,148,5,,460000,https://file1.dxycdn.com/2020/0223/126/3398299753820555862-135.json,海口,6,39,0,33,0,460100
海南省,海南,15,168,0,148,5,,460000,https://file1.dxycdn.com/2020/0223/126/3398299753820555862-135.json,儋州,2,15,0,12,1,460400
海南省,海南,15,168,0,148,5,,460000,https://file1.dxycdn.com/2020/0223/126/3398299753820555862-135.json,保亭,2,3,0,1,0,469029
海南省,海南,15,168,0,148,5,,460000,https://file1.dxycdn.com/2020/0223/126/3398299753820555862-135.json,三亚,1,54,0,52,1,460200
海南省,海南,15,168,0,148,5,,460000,https://file1.dxycdn.com/2020/0223/126/3398299753820555862-135.json,万宁,1,13,0,12,0,469006
海南省,海南,15,168,0,148,5,,460000,https://file1.dxycdn.com/2020/0223/126/3398299753820555862-135.json,澄迈,1,9,0,7,1,469023
海南省,海南,15,168,0,148,5,,460000,https://file1.dxycdn.com/2020/0223/126/3398299753820555862-135.json,昌江,1,7,0,6,0,469026
海南省,海南,15,168,0,148,5,,460000,https://file1.dxycdn.com/2020/0223/126/3398299753820555862-135.json,东方,1,3,0,2,0,469007
海南省,海南,15,168,0,148,5,,460000,https://file1.dxycdn.com/2020/0223/126/3398299753820555862-135.json,琼海,0,6,0,5,1,469002
海南省,海南,15,168,0,148,5,,460000,https://file1.dxycdn.com/2020/0223/126/3398299753820555862-135.json,临高,0,6,0,6,0,469024
海南省,海南,15,168,0,148,5,,460000,https://file1.dxycdn.com/2020/0223/126/3398299753820555862-135.json,陵水,0,4,0,4,0,469028
海南省,海南,15,168,0,148,5,,460000,https://file1.dxycdn.com/2020/0223/126/3398299753820555862-135.json,定安,0,3,0,2,1,469021
海南省,海南,15,168,0,148,5,,460000,https://file1.dxycdn.com/2020/0223/126/3398299753820555862-135.json,文昌,0,3,0,3,0,469005
海南省,海南,15,168,0,148,5,,460000,https://file1.dxycdn.com/2020/0223/126/3398299753820555862-135.json,乐东,0,2,0,2,0,469027
海南省,海南,15,168,0,148,5,,460000,https://file1.dxycdn.com/2020/0223/126/3398299753820555862-135.json,琼中,0,1,0,1,0,469030
新疆维吾尔自治区,新疆,11,76,0,62,3,,650000,https://file1.dxycdn.com/2020/0223/497/3398299753820556085-135.json,乌鲁木齐,6,23,0,17,0,650100
新疆维吾尔自治区,新疆,11,76,0,62,3,,650000,https://file1.dxycdn.com/2020/0223/497/3398299753820556085-135.json,吐鲁番市,2,3,0,1,0,650400
新疆维吾尔自治区,新疆,11,76,0,62,3,,650000,https://file1.dxycdn.com/2020/0223/497/3398299753820556085-135.json,兵团第九师,1,4,0,2,1,0
新疆维吾尔自治区,新疆,11,76,0,62,3,,650000,https://file1.dxycdn.com/2020/0223/497/3398299753820556085-135.json,昌吉州,1,4,0,3,0,0
新疆维吾尔自治区,新疆,11,76,0,62,3,,650000,https://file1.dxycdn.com/2020/0223/497/3398299753820556085-135.json,兵团第八师石河子市,1,4,0,2,1,0
新疆维吾尔自治区,新疆,11,76,0,62,3,,650000,https://file1.dxycdn.com/2020/0223/497/3398299753820556085-135.json,伊犁州,0,18,0,18,0,654000
新疆维吾尔自治区,新疆,11,76,0,62,3,,650000,https://file1.dxycdn.com/2020/0223/497/3398299753820556085-135.json,兵团第四师,0,10,0,9,1,0
新疆维吾尔自治区,新疆,11,76,0,62,3,,650000,https://file1.dxycdn.com/2020/0223/497/3398299753820556085-135.json,巴州,0,3,0,3,0,511902
新疆维吾尔自治区,新疆,11,76,0,62,3,,650000,https://file1.dxycdn.com/2020/0223/497/3398299753820556085-135.json,兵团第十二师,0,3,0,3,0,0
新疆维吾尔自治区,新疆,11,76,0,62,3,,650000,https://file1.dxycdn.com/2020/0223/497/3398299753820556085-135.json,兵团第六师五家渠市,0,2,0,2,0,0
新疆维吾尔自治区,新疆,11,76,0,62,3,,650000,https://file1.dxycdn.com/2020/0223/497/3398299753820556085-135.json,兵团第七师,0,1,0,1,0,0
新疆维吾尔自治区,新疆,11,76,0,62,3,,650000,https://file1.dxycdn.com/2020/0223/497/3398299753820556085-135.json,阿克苏地区,0,1,0,1,0,652900
甘肃省,甘肃,7,91,0,82,2,,620000,https://file1.dxycdn.com/2020/0223/559/3398299755968040166-135.json,平凉,3,9,0,6,0,620800
甘肃省,甘肃,7,91,0,82,2,,620000,https://file1.dxycdn.com/2020/0223/559/3398299755968040166-135.json,兰州,2,36,0,32,2,620100
甘肃省,甘肃,7,91,0,82,2,,620000,https://file1.dxycdn.com/2020/0223/559/3398299755968040166-135.json,定西,1,9,0,8,0,621100
甘肃省,甘肃,7,91,0,82,2,,620000,https://file1.dxycdn.com/2020/0223/559/3398299755968040166-135.json,庆阳,1,3,0,2,0,621000
甘肃省,甘肃,7,91,0,82,2,,620000,https://file1.dxycdn.com/2020/0223/559/3398299755968040166-135.json,天水,0,12,0,12,0,620500
甘肃省,甘肃,7,91,0,82,2,,620000,https://file1.dxycdn.com/2020/0223/559/3398299755968040166-135.json,甘南,0,8,0,8,0,623000
甘肃省,甘肃,7,91,0,82,2,,620000,https://file1.dxycdn.com/2020/0223/559/3398299755968040166-135.json,白银,0,4,0,4,0,620400
甘肃省,甘肃,7,91,0,82,2,,620000,https://file1.dxycdn.com/2020/0223/559/3398299755968040166-135.json,陇南,0,4,0,4,0,621200
甘肃省,甘肃,7,91,0,82,2,,620000,https://file1.dxycdn.com/2020/0223/559/3398299755968040166-135.json,临夏,0,3,0,3,0,622900
甘肃省,甘肃,7,91,0,82,2,,620000,https://file1.dxycdn.com/2020/0223/559/3398299755968040166-135.json,张掖,0,2,0,2,0,620700
甘肃省,甘肃,7,91,0,82,2,,620000,https://file1.dxycdn.com/2020/0223/559/3398299755968040166-135.json,金昌,0,1,0,1,0,620300
宁夏回族自治区,宁夏,4,73,0,69,0,,640000,https://file1.dxycdn.com/2020/0223/353/3398299755968455019-135.json,银川,2,34,0,32,0,640100
宁夏回族自治区,宁夏,4,73,0,69,0,,640000,https://file1.dxycdn.com/2020/0223/353/3398299755968455019-135.json,吴忠,1,28,0,27,0,640300
宁夏回族自治区,宁夏,4,73,0,69,0,,640000,https://file1.dxycdn.com/2020/0223/353/3398299755968455019-135.json,中卫,1,4,0,3,0,640500
宁夏回族自治区,宁夏,4,73,0,69,0,,640000,https://file1.dxycdn.com/2020/0223/353/3398299755968455019-135.json,固原,0,5,0,5,0,640400
宁夏回族自治区,宁夏,4,73,0,69,0,,640000,https://file1.dxycdn.com/2020/0223/353/3398299755968455019-135.json,宁东,0,1,0,1,0,0
宁夏回族自治区,宁夏,4,73,0,69,0,,640000,https://file1.dxycdn.com/2020/0223/353/3398299755968455019-135.json,石嘴山,0,1,0,1,0,640200
澳门,澳门,2,10,0,8,0,,820000,https://file1.dxycdn.com/2020/0223/840/3398299753820971267-135.json,NA,NA,NA,NA,NA,NA,NA
青海省,青海,0,18,0,18,0,,630000,https://file1.dxycdn.com/2020/0223/581/3398299758115524121-135.json,西宁,0,15,0,15,0,630100
青海省,青海,0,18,0,18,0,,630000,https://file1.dxycdn.com/2020/0223/581/3398299758115524121-135.json,海北州,0,3,0,3,0,632200
西藏自治区,西藏,0,1,0,1,0,,540000,https://file1.dxycdn.com/2020/0223/353/3398299755968039885-135.json,拉萨,0,1,0,1,0,540100
